id,date,symbol,score,signal_strength,entry,sl,sl_pct,t1,t2,rr_t1,rr_t2,sector,layers_passed,layer1,layer2,layer3,layer4,layer5,bulk_buyers,pcr,call_oi_chg,put_oi_chg,status,current_price,exit_price,pnl_pct,pnl_pts,exit_date,exit_reason,t1_hit,days_held,progress_pct,dist_sl_pct,dist_t2_pct,last_updated,reasons
1,2026-05-25,ASIANPAINT,7.3,STRONG,2668.6,2562.0,3.99,2881.8,3041.7,2.0,3.5,,,,,,,,,,,,EXPIRED,2731.7,2731.7,2.36,63.1,2026-06-10,Max hold (15d),False,16,16.9,6.21,11.35,2026-06-10 09:37 IST,EMA9 > EMA21 — short-term uptrend | 3 consecutive higher closes | Price in upper half of 20-day range (95%) | Close above last week high (2665.7) | RSI 74.3 — slightly elevated but trending | MACD bullish crossover / line above signal
2,2026-05-25,EICHERMOT,7.1,STRONG,7351.0,7130.47,3.0,7792.06,8122.85,2.0,3.5,,,,,,,,,,,,SL HIT,7100.5,7100.5,-3.41,-250.5,2026-06-01,SL Hit,False,7,-32.5,-0.42,14.4,2026-06-01 18:27 IST,3 consecutive higher closes | Price in upper half of 20-day range (83%) | Close above last week high (7275.5) | RSI 52.2 — ideal swing zone (50–68) | Volume 1.64× avg — institutional interest | MACD bullish crossover / line above signal
3,2026-05-25,INDUSINDBK,6.9,GOOD,926.05,898.27,3.0,981.61,1023.28,2.0,3.5,,,,,,,,,,,,SL HIT,898.0,898.0,-3.03,-28.05,2026-06-04,SL Hit,False,10,-28.8,-0.03,13.95,2026-06-04 14:23 IST,EMA9 > EMA21 — short-term uptrend | 3 consecutive higher closes | Price in upper half of 20-day range (64%) | Close above last week high (922.3) | RSI 54.4 — ideal swing zone (50–68) | Price near EMA21 (899.4) — decent pullback
4,2026-05-25,SIEMENS,6.8,GOOD,3860.4,3744.59,3.0,4092.02,4265.73,2.0,3.5,,,,,,,,,,,,SL HIT,3667.5,3667.5,-5.0,-192.9,,,False,5,-47.6,-2.1,16.31,2026-05-25 19:06 IST,EMA9 > EMA21 — short-term uptrend | 3 consecutive higher closes | Price in upper half of 20-day range (85%) | Close above last week high (3724.5) | RSI 50.7 — ideal swing zone (50–68) | Narrow range / inside bar — coiling before move
5,2026-05-25,AXISBANK,6.7,GOOD,1302.6,1263.52,3.0,1380.76,1439.38,2.0,3.5,,,,,,,,,,,,SL HIT,1254.6,1254.6,-3.68,-48.0,2026-06-04,SL Hit,False,10,-35.1,-0.71,14.73,2026-06-04 09:50 IST,3 consecutive higher closes | Price in upper half of 20-day range (81%) | Close above last week high (1275.3) | RSI 63.1 — ideal swing zone (50–68) | MACD bullish crossover / line above signal | Price near EMA21 (1274.3) — decent pullback
6,2026-05-25,CIPLA,6.7,GOOD,1403.2,1392.0,0.8,1425.6,1442.4,2.0,3.5,,,,,,,,,,,,SL HIT,1390.3,1390.3,-0.92,-12.9,2026-06-01,SL Hit,False,7,-32.9,-0.12,3.75,2026-06-01 18:27 IST,EMA9 > EMA21 — short-term uptrend | Price in upper half of 20-day range (76%) | RSI 61.8 — ideal swing zone (50–68) | MACD bullish crossover / line above signal | Price near EMA21 (1360.9) — decent pullback | Narrow range / inside bar — coiling before move
7,2026-05-25,SUNPHARMA,6.5,GOOD,1846.2,1825.0,1.15,1888.6,1920.4,2.0,3.5,,,,,,,,,,,,SL HIT,1799.199951171875,1799.199951171875,-2.55,-47.0,,,False,5,-50.0,-1.43,6.74,2026-05-29 18:22 IST,EMA9 > EMA21 — short-term uptrend | Price in upper half of 20-day range (65%) | RSI 54.3 — ideal swing zone (50–68) | Price within 2% of EMA21 (1832.7) — ideal pullback entry | Narrow range / inside bar — coiling before move | Price near round number (1846)
8,2026-05-30,BHARATFORG,8.0,GOOD,1957.2,1908.27,2.5,2074.63,2152.92,2.4,4.0,Nifty Auto,4,2.0,2.0,2.0,2.0,0.0,,,,,SL HIT,1893.5,1893.5,-3.25,-63.7,2026-06-10,SL Hit,False,11,-32.5,-0.78,13.7,2026-06-10 09:37 IST,Price above EMA200 (uptrend) | BoS — higher high in last 20 days | Bullish FVG present | Price retesting bullish Order Block | Volume breakout (1.8× avg) | OBV uptrend confirmed
9,2026-05-30,ZYDUSLIFE,8.0,GOOD,1077.7,1050.76,2.5,1142.36,1185.47,2.4,4.0,Nifty Pharma,4,2.0,2.0,2.0,2.0,0.0,,,,,EXPIRED,1098.7,1098.7,1.95,21.0,2026-06-15,Max hold (15d),False,16,19.5,4.36,7.9,2026-06-15 09:39 IST,Price above EMA200 (uptrend) | BoS — higher high in last 20 days | Bullish FVG present | Price retesting bullish Order Block | Volume breakout (1.8× avg) | OBV uptrend confirmed
10,2026-05-30,LT,7.0,GOOD,4076.5,3974.59,2.5,4321.09,4484.15,2.4,4.0,Nifty Infra,4,2.0,2.0,2.0,1.0,0.0,,,,,SL HIT,3960.0,3960.0,-2.86,-116.5,2026-06-04,SL Hit,False,5,-28.6,-0.37,13.24,2026-06-04 09:50 IST,Price above EMA200 (uptrend) | BoS — higher high in last 20 days | Bullish FVG present | Price retesting bullish Order Block | Volume breakout (1.8× avg) | OBV uptrend confirmed
11,2026-05-30,HINDALCO,7.0,GOOD,1126.7,1098.53,2.5,1194.3,1239.37,2.4,4.0,Nifty Metal,4,2.0,2.0,2.0,1.0,0.0,,,,,SL HIT,1092.6,1092.6,-3.03,-34.1,2026-06-07,SL Hit,False,8,-30.3,-0.54,13.43,2026-06-07 12:38 IST,Price above EMA200 (uptrend) | BoS — higher high in last 20 days | Bullish FVG present | Price retesting bullish Order Block | Volume breakout (1.8× avg) | OBV uptrend confirmed
12,2026-05-30,GAIL,7.0,GOOD,164.51,160.4,2.5,174.38,180.96,2.4,4.0,Nifty Energy,4,2.0,2.0,1.0,2.0,0.0,,,,,EXPIRED,174.28,174.28,5.94,9.77,2026-06-15,Max hold (15d),False,16,59.4,7.96,3.83,2026-06-15 09:39 IST,Price above EMA200 (uptrend) | BoS — higher high in last 20 days | Bullish FVG present | Price retesting bullish Order Block | Volume breakout (1.8× avg) | Nifty Energy above EMA20
13,2026-06-01,TECHM,7.0,GOOD,1543.2,1504.62,2.5,1635.79,1697.52,2.4,4.0,Nifty IT,4,2.0,1.0,2.0,2.0,0.0,,,,,SL HIT,1483.8,1483.8,-3.85,-59.4,2026-06-04,SL Hit,False,3,-38.5,-1.4,14.4,2026-06-04 09:50 IST,Price above EMA200 (uptrend) | BoS — higher high in last 20 days | Bullish FVG present | Volume breakout (1.8× avg) | OBV uptrend confirmed | Nifty IT above EMA20
14,2026-06-04,TATASTEEL,8.0,GOOD,211.36,206.09,2.49,224.04,232.5,2.41,4.01,Nifty Metal,4,2.0,2.0,2.0,2.0,0.0,,,,,SL HIT,202.63,202.63,-4.13,-8.73,2026-06-10,SL Hit,False,6,-41.3,-1.71,14.74,2026-06-10 09:37 IST,Price above EMA200 (uptrend) | BoS — higher high in last 20 days | Bullish FVG present | Price retesting bullish Order Block | Liquidity grab below swing low | OBV uptrend confirmed
15,2026-06-04,JSWSTEEL,7.0,GOOD,1305.5,1272.86,2.5,1383.83,1436.05,2.4,4.0,Nifty Metal,4,2.0,2.0,1.0,2.0,0.0,,,,,SL HIT,1261.2,1261.2,-3.39,-44.3,2026-06-10,SL Hit,False,6,-33.9,-0.92,13.86,2026-06-10 09:37 IST,Price above EMA200 (uptrend) | BoS — higher high in last 20 days | Bullish FVG present | Price retesting bullish Order Block | OBV uptrend confirmed | Nifty Metal above EMA20
16,2026-06-04,MARICO,7.0,GOOD,824.5,803.89,2.5,873.97,906.95,2.4,4.0,Nifty FMCG,4,2.0,2.0,2.0,1.0,0.0,,,,,SL HIT,803.35,803.35,-2.57,-21.15,2026-06-17,SL Hit,False,13,-25.7,-0.07,12.9,2026-06-17 11:28 IST,Price above EMA200 (uptrend) | BoS — higher high in last 20 days | Bullish FVG present | Price retesting bullish Order Block | Liquidity grab below swing low | OBV uptrend confirmed
17,2026-06-04,MOTHERSON,7.0,GOOD,146.2,142.54,2.5,154.97,160.82,2.4,3.99,Nifty Auto,4,2.0,2.0,1.0,2.0,0.0,,,,,SL HIT,142.46,142.46,-2.56,-3.74,2026-06-10,SL Hit,False,6,-25.6,-0.06,12.89,2026-06-10 14:39 IST,Price above EMA200 (uptrend) | BoS — higher high in last 20 days | Bullish FVG present | Price retesting bullish Order Block | OBV uptrend confirmed | Nifty Auto above EMA20
18,2026-06-04,AUROPHARMA,7.0,GOOD,1464.0,1427.4,2.5,1551.84,1610.4,2.4,4.0,Nifty Pharma,4,2.0,2.0,2.0,1.0,0.0,,,,,SL HIT,1402.3,1402.3,-4.21,-61.7,2026-06-16,SL Hit,False,12,-42.1,-1.79,14.84,2026-06-16 10:34 IST,Price above EMA200 (uptrend) | BoS — higher high in last 20 days | Bullish FVG present | Price retesting bullish Order Block | Liquidity grab below swing low | OBV uptrend confirmed
19,2026-06-07,CIPLA,7.0,GOOD,1401.3,1366.27,2.5,1485.38,1541.43,2.4,4.0,Nifty Pharma,4,2.0,2.0,1.0,2.0,0.0,,,,,SL HIT,1364.5,1364.5,-2.63,-36.8,2026-06-17,SL Hit,False,10,-26.3,-0.13,12.97,2026-06-17 09:57 IST,Price above EMA200 (uptrend) | BoS — higher high in last 20 days | Bullish FVG present | Price retesting bullish Order Block | Liquidity grab below swing low | Nifty Pharma above EMA20
20,2026-06-07,ADANIGREEN,7.0,GOOD,1525.7,1487.56,2.5,1617.24,1678.27,2.4,4.0,Nifty Energy,4,2.0,1.0,2.0,2.0,0.0,,,,,SL HIT,1484.6,1484.6,-2.69,-41.1,2026-06-10,SL Hit,False,3,-26.9,-0.2,13.05,2026-06-10 15:09 IST,Price above EMA200 (uptrend) | BoS — higher high in last 20 days | Bullish FVG present | Volume breakout (1.8× avg) | OBV uptrend confirmed | Nifty Energy above EMA20
21,2026-06-07,FEDERALBNK,7.0,GOOD,304.15,296.55,2.5,322.4,334.56,2.4,4.0,Nifty Bank,4,2.0,2.0,1.0,2.0,0.0,,,,,EXPIRED,321.45,321.45,5.69,17.3,2026-06-24,Max hold (15d),False,17,56.9,7.75,4.08,2026-06-24 10:25 IST,Price above EMA200 (uptrend) | BoS — higher high in last 20 days | Bullish FVG present | Price retesting bullish Order Block | OBV uptrend confirmed | Nifty Bank above EMA20
22,2026-06-07,IPCALAB,7.0,GOOD,1641.9,1600.85,2.5,1740.41,1806.09,2.4,4.0,Nifty Pharma,4,2.0,1.0,2.0,2.0,0.0,,,,,SL HIT,1583.0,1583.0,-3.59,-58.9,2026-06-13,SL Hit,False,6,-35.9,-1.13,14.09,2026-06-13 11:22 IST,Price above EMA200 (uptrend) | BoS — higher high in last 20 days | Bullish FVG present | Liquidity grab below swing low | OBV uptrend confirmed | Nifty Pharma above EMA20
23,2026-06-07,LICHSGFIN,7.0,GOOD,549.75,536.01,2.5,582.74,604.73,2.4,4.0,Nifty Finance,4,2.0,2.0,2.0,1.0,0.0,,,,,SL HIT,535.75,535.75,-2.55,-14.0,2026-06-11,SL Hit,False,4,-25.5,-0.05,12.88,2026-06-11 13:38 IST,Price above EMA200 (uptrend) | BoS — higher high in last 20 days | Bullish FVG present | Price retesting bullish Order Block | Liquidity grab below swing low | OBV uptrend confirmed
24,2026-06-10,LALPATHLAB,8.0,GOOD,1591.8,1552.0,2.5,1687.31,1750.98,2.4,4.0,Nifty Pharma,4,2.0,2.0,2.0,2.0,0.0,,,,,TARGET HIT,1765.0,1765.0,10.88,173.2,2026-06-16,T2 Hit,True,6,100,12.07,-0.79,2026-06-16 10:34 IST,Price above EMA200 (uptrend) | BoS — higher high in last 20 days | Bullish FVG present | Price retesting bullish Order Block | Liquidity grab below swing low | OBV uptrend confirmed
25,2026-06-10,LALPATHLAB,8.0,GOOD,1591.8,1552.0,2.5,1687.31,1750.98,2.4,4.0,Nifty Pharma,4,2.0,2.0,2.0,2.0,0.0,,,,,TARGET HIT,1765.0,1765.0,10.88,173.2,2026-06-16,T2 Hit,True,6,100,12.07,-0.79,2026-06-16 10:34 IST,Price above EMA200 (uptrend) | BoS — higher high in last 20 days | Bullish FVG present | Price retesting bullish Order Block | Liquidity grab below swing low | OBV uptrend confirmed
26,2026-06-11,JSWSTEEL,7.0,GOOD,1269.7,1249.99,1.55,1345.88,1396.67,3.87,6.44,Nifty Metal,4,2.0,2.0,2.0,1.0,0.0,,,,,SL HIT,1233.4,1233.4,-2.86,-36.3,2026-06-24,SL Hit,False,13,-28.6,-1.35,13.24,2026-06-24 10:25 IST,Price above EMA200 (uptrend) | BoS — higher high in last 20 days | Bullish FVG present | Price retesting bullish Order Block | Liquidity grab below swing low | OBV uptrend confirmed
27,2026-06-11,KOTAKBANK,7.0,GOOD,387.6,377.91,2.5,410.86,426.36,2.4,4.0,Nifty Bank,4,1.0,2.0,2.0,2.0,0.0,,,,,EXPIRED,409.0,409.0,5.52,21.4,2026-06-26,Max hold (15d),False,15,55.2,7.6,4.24,2026-06-26 01:39 IST,BoS — higher high in last 20 days | Bullish FVG present | Price retesting bullish Order Block | Liquidity grab below swing low | OBV uptrend confirmed | Nifty Bank above EMA20
28,2026-06-11,JSWSTEEL,7.0,GOOD,1269.7,1249.99,1.55,1345.88,1396.67,3.87,6.44,Nifty Metal,4,2.0,2.0,2.0,1.0,0.0,,,,,SL HIT,1233.4,1233.4,-2.86,-36.3,2026-06-24,SL Hit,False,13,-28.6,-1.35,13.24,2026-06-24 10:25 IST,Price above EMA200 (uptrend) | BoS — higher high in last 20 days | Bullish FVG present | Price retesting bullish Order Block | Liquidity grab below swing low | OBV uptrend confirmed
29,2026-06-13,NYKAA,8.0,GOOD,273.5,266.66,2.5,289.91,300.85,2.4,4.0,Nifty 50,4,2.0,2.0,2.0,2.0,0.0,,,,,TARGET HIT,301.05,301.05,10.07,27.55,2026-06-18,T2 Hit,True,5,100,11.42,-0.07,2026-06-18 12:30 IST,Price above EMA200 (uptrend) | BoS — higher high in last 20 days | Bullish FVG present | Price retesting bullish Order Block | Liquidity grab below swing low | OBV uptrend confirmed
30,2026-06-13,LT,7.0,GOOD,4049.3,3948.07,2.5,4292.26,4454.23,2.4,4.0,Nifty Infra,4,2.0,2.0,1.0,2.0,0.0,,,,,EXPIRED,4202.1,4202.1,3.77,152.8,2026-06-28,Max hold (15d),False,15,37.7,6.05,6.0,2026-06-28 01:57 IST,Price above EMA200 (uptrend) | BoS — higher high in last 20 days | Bullish FVG present | Price retesting bullish Order Block | OBV uptrend confirmed | Nifty Infra above EMA20
31,2026-06-13,BSE,7.0,GOOD,4041.1,3940.07,2.5,4283.57,4445.21,2.4,4.0,Nifty Finance,4,2.0,2.0,1.0,2.0,0.0,,,,,SL HIT,3904.5,3904.5,-3.38,-136.6,2026-06-24,SL Hit,False,11,-33.8,-0.91,13.85,2026-06-24 10:25 IST,Price above EMA200 (uptrend) | BoS — higher high in last 20 days | Bullish FVG present | Price retesting bullish Order Block | OBV uptrend confirmed | Nifty Finance above EMA20
32,2026-06-13,LICHSGFIN,7.0,GOOD,559.5,545.51,2.5,593.07,615.45,2.4,4.0,Nifty Finance,4,1.0,2.0,2.0,2.0,0.0,,,,,SL HIT,542.15,542.15,-3.1,-17.35,2026-06-24,SL Hit,False,11,-31.0,-0.62,13.52,2026-06-24 10:25 IST,Price above EMA200 (uptrend) | Bullish FVG present | Price retesting bullish Order Block | Liquidity grab below swing low | OBV uptrend confirmed | Nifty Finance above EMA20
33,2026-06-13,AUBANK,7.0,GOOD,1015.5,990.11,2.5,1076.43,1117.05,2.4,4.0,Nifty Bank,4,1.0,2.0,2.0,2.0,0.0,,,,,EXPIRED,1038.8,1038.8,2.29,23.3,2026-06-28,Max hold (15d),False,15,22.9,4.69,7.53,2026-06-28 01:57 IST,Price above EMA200 (uptrend) | Bullish FVG present | Price retesting bullish Order Block | Liquidity grab below swing low | OBV uptrend confirmed | Nifty Bank above EMA20
34,2026-06-15,ABCAPITAL,7.0,GOOD,367.85,358.65,2.5,389.92,404.64,2.4,4.0,Nifty Finance,4,1.0,2.0,2.0,2.0,0.0,,,,,EXPIRED,385.3,385.3,4.74,17.45,2026-06-30,Max hold (15d),False,15,47.4,6.92,5.02,2026-06-30 01:53 IST,Price above EMA200 (uptrend) | Bullish FVG present | Price retesting bullish Order Block | Liquidity grab below swing low | OBV uptrend confirmed | Nifty Finance above EMA20
35,2026-06-15,RBLBANK,7.0,GOOD,370.45,361.19,2.5,392.68,407.5,2.4,4.0,Nifty Bank,4,2.0,2.0,1.0,2.0,0.0,,,,,EXPIRED,363.8,363.8,-1.8,-6.65,2026-06-30,Max hold (15d),False,15,-17.9,0.72,12.01,2026-06-30 01:53 IST,Price above EMA200 (uptrend) | BoS — higher high in last 20 days | Bullish FVG present | Price retesting bullish Order Block | OBV uptrend confirmed | Nifty Bank above EMA20
36,2026-06-16,SIEMENS,7.0,GOOD,3639.3,3548.32,2.5,3857.66,4003.23,2.4,4.0,Nifty Infra,4,2.0,2.0,2.0,1.0,0.0,,,,,EXPIRED,3575.3,3575.3,-1.76,-64.0,2026-07-02,Max hold (15d),False,16,-17.6,0.75,11.97,2026-07-02 10:34 IST,Price above EMA200 (uptrend) | BoS — higher high in last 20 days | Bullish FVG present | Price retesting bullish Order Block | Liquidity grab below swing low | OBV uptrend confirmed
37,2026-06-16,HDFCAMC,7.0,GOOD,2633.8,2567.95,2.5,2791.83,2897.18,2.4,4.0,Nifty Finance,4,1.0,2.0,2.0,2.0,0.0,,,,,EXPIRED,2762.7,2762.7,4.89,128.9,2026-07-02,Max hold (15d),False,16,48.9,7.05,4.87,2026-07-02 10:34 IST,Price above EMA200 (uptrend) | Bullish FVG present | Price retesting bullish Order Block | Liquidity grab below swing low | OBV uptrend confirmed | Nifty Finance above EMA20
38,2026-06-17,COFORGE,8.0,GOOD,1478.3,1441.34,2.5,1567.0,1626.13,2.4,4.0,Nifty IT,4,2.0,2.0,2.0,2.0,0.0,,,,,SL HIT,1421.9,1421.9,-3.82,-56.4,2026-06-19,SL Hit,False,2,-38.2,-1.37,14.36,2026-06-19 09:34 IST,Price above EMA200 (uptrend) | BoS — higher high in last 20 days | Bullish FVG present | Price retesting bullish Order Block | Liquidity grab below swing low | OBV uptrend confirmed
39,2026-06-17,GAIL,7.0,GOOD,175.83,171.43,2.5,186.38,193.41,2.4,4.0,Nifty Energy,4,2.0,2.0,1.0,2.0,0.0,,,,,SL HIT,170.76,170.76,-2.88,-5.07,2026-06-29,SL Hit,False,12,-28.8,-0.39,13.26,2026-06-29 10:00 IST,Price above EMA200 (uptrend) | BoS — higher high in last 20 days | Bullish FVG present | Price retesting bullish Order Block | OBV uptrend confirmed | Nifty Energy above EMA20
40,2026-06-17,NAUKRI,7.0,GOOD,1022.0,996.45,2.5,1083.32,1124.2,2.4,4.0,Nifty 50,4,1.0,2.0,2.0,2.0,0.0,,,,,SL HIT,965.8,965.8,-5.5,-56.2,2026-06-19,SL Hit,False,2,-50,-3.17,16.4,2026-06-19 09:34 IST,BoS — higher high in last 20 days | Bullish FVG present | Price retesting bullish Order Block | Liquidity grab below swing low | OBV uptrend confirmed | Nifty 50 above EMA20
41,2026-06-17,DMART,7.0,GOOD,4239.5,4133.51,2.5,4493.87,4663.45,2.4,4.0,Nifty 50,4,1.0,2.0,2.0,2.0,0.0,,,,,EXPIRED,4213.6,4213.6,-0.61,-25.9,2026-07-02,Max hold (15d),False,15,-6.1,1.9,10.68,2026-07-02 10:34 IST,Price above EMA200 (uptrend) | Bullish FVG present | Price retesting bullish Order Block | Liquidity grab below swing low | OBV uptrend confirmed | Nifty 50 above EMA20
42,2026-06-17,BANDHANBNK,7.0,GOOD,214.31,208.95,2.5,227.17,235.74,2.4,4.0,Nifty Bank,4,2.0,1.0,2.0,2.0,0.0,,,,,SL HIT,208.93,208.93,-2.51,-5.38,2026-06-19,SL Hit,False,2,-25.1,-0.01,12.83,2026-06-19 12:38 IST,Price above EMA200 (uptrend) | BoS — higher high in last 20 days | Bullish FVG present | Liquidity grab below swing low | OBV uptrend confirmed | Nifty Bank above EMA20
43,2026-06-17,COFORGE,8.0,GOOD,1478.3,1441.34,2.5,1567.0,1626.13,2.4,4.0,Nifty IT,4,2.0,2.0,2.0,2.0,0.0,,,,,SL HIT,1421.9,1421.9,-3.82,-56.4,2026-06-19,SL Hit,False,2,-38.2,-1.37,14.36,2026-06-19 09:34 IST,Price above EMA200 (uptrend) | BoS — higher high in last 20 days | Bullish FVG present | Price retesting bullish Order Block | Liquidity grab below swing low | OBV uptrend confirmed
44,2026-06-17,GAIL,7.0,GOOD,175.83,171.43,2.5,186.38,193.41,2.4,4.0,Nifty Energy,4,2.0,2.0,1.0,2.0,0.0,,,,,SL HIT,170.76,170.76,-2.88,-5.07,2026-06-29,SL Hit,False,12,-28.8,-0.39,13.26,2026-06-29 10:00 IST,Price above EMA200 (uptrend) | BoS — higher high in last 20 days | Bullish FVG present | Price retesting bullish Order Block | OBV uptrend confirmed | Nifty Energy above EMA20
45,2026-06-17,NAUKRI,7.0,GOOD,1022.0,996.45,2.5,1083.32,1124.2,2.4,4.0,Nifty 50,4,1.0,2.0,2.0,2.0,0.0,,,,,SL HIT,965.8,965.8,-5.5,-56.2,2026-06-19,SL Hit,False,2,-50,-3.17,16.4,2026-06-19 09:34 IST,BoS — higher high in last 20 days | Bullish FVG present | Price retesting bullish Order Block | Liquidity grab below swing low | OBV uptrend confirmed | Nifty 50 above EMA20
46,2026-06-17,DMART,7.0,GOOD,4238.1,4132.15,2.5,4492.39,4661.91,2.4,4.0,Nifty 50,4,1.0,2.0,2.0,2.0,0.0,,,,,EXPIRED,4213.6,4213.6,-0.58,-24.5,2026-07-02,Max hold (15d),False,15,-5.8,1.93,10.64,2026-07-02 10:34 IST,Price above EMA200 (uptrend) | Bullish FVG present | Price retesting bullish Order Block | Liquidity grab below swing low | OBV uptrend confirmed | Nifty 50 above EMA20
47,2026-06-17,BANDHANBNK,7.0,GOOD,214.31,208.95,2.5,227.17,235.74,2.4,4.0,Nifty Bank,4,2.0,1.0,2.0,2.0,0.0,,,,,SL HIT,208.93,208.93,-2.51,-5.38,2026-06-19,SL Hit,False,2,-25.1,-0.01,12.83,2026-06-19 12:38 IST,Price above EMA200 (uptrend) | BoS — higher high in last 20 days | Bullish FVG present | Liquidity grab below swing low | OBV uptrend confirmed | Nifty Bank above EMA20
48,2026-06-18,LALPATHLAB,8.0,GOOD,1662.9,1621.33,2.5,1762.67,1829.19,2.4,4.0,Nifty Pharma,4,2.0,2.0,2.0,2.0,0.0,,,,,SL HIT,1620.0,1620.0,-2.58,-42.9,2026-06-29,SL Hit,False,11,-25.8,-0.08,12.91,2026-06-29 13:06 IST,Price above EMA200 (uptrend) | BoS — higher high in last 20 days | Bullish FVG present | Price retesting bullish Order Block | Liquidity grab below swing low | OBV uptrend confirmed
49,2026-06-18,ADANIPORTS,7.0,GOOD,1842.1,1796.05,2.5,1952.63,2026.31,2.4,4.0,Nifty Energy,4,2.0,2.0,1.0,2.0,0.0,,,,,SL HIT,1793.1,1793.1,-2.66,-49.0,2026-06-24,SL Hit,False,6,-26.6,-0.16,13.01,2026-06-24 10:25 IST,Price above EMA200 (uptrend) | BoS — higher high in last 20 days | Bullish FVG present | Price retesting bullish Order Block | OBV uptrend confirmed | Nifty Energy above EMA20
50,2026-06-18,OBEROIRLTY,7.0,GOOD,1694.2,1651.85,2.5,1795.85,1863.62,2.4,4.0,Nifty Realty,4,2.0,2.0,2.0,1.0,0.0,,,,,TARGET HIT,1868.0,1868.0,10.26,173.8,2026-07-02,T2 Hit,True,14,100,11.57,-0.23,2026-07-02 14:42 IST,Price above EMA200 (uptrend) | BoS — higher high in last 20 days | Bullish FVG present | Price retesting bullish Order Block | Liquidity grab below swing low | OBV uptrend confirmed
51,2026-06-18,ICICIGI,7.0,GOOD,1839.0,1793.02,2.5,1949.34,2022.9,2.4,4.0,Nifty Finance,4,1.0,2.0,2.0,2.0,0.0,,,,,SL HIT,1789.4,1789.4,-2.7,-49.6,2026-06-29,SL Hit,False,11,-27.0,-0.2,13.05,2026-06-29 10:31 IST,BoS — higher high in last 20 days | Bullish FVG present | Price retesting bullish Order Block | Liquidity grab below swing low | OBV uptrend confirmed | Nifty Finance above EMA20
52,2026-06-18,BHEL,7.0,GOOD,405.9,395.75,2.5,430.25,446.49,2.4,4.0,Nifty Infra,4,2.0,2.0,1.0,2.0,0.0,,,,,EXPIRED,401.95,401.95,-0.97,-3.95,2026-07-03,Max hold (15d),False,15,-9.7,1.54,11.08,2026-07-03 01:31 IST,Price above EMA200 (uptrend) | BoS — higher high in last 20 days | Bullish FVG present | Price retesting bullish Order Block | OBV uptrend confirmed | Nifty Infra above EMA20
53,2026-06-20,ADANIENT,7.0,GOOD,3038.4,2962.44,2.5,3220.7,3342.24,2.4,4.0,Nifty 50,4,2.0,2.0,1.0,2.0,0.0,,,,,SL HIT,2958.0,2958.0,-2.65,-80.4,2026-06-29,SL Hit,False,9,-26.5,-0.15,12.99,2026-06-29 10:03 IST,Price above EMA200 (uptrend) | BoS — higher high in last 20 days | Bullish FVG present | Price retesting bullish Order Block | OBV uptrend confirmed | Nifty 50 above EMA20
54,2026-06-20,AUROPHARMA,7.0,GOOD,1497.8,1460.36,2.5,1587.67,1647.58,2.4,4.0,Nifty Pharma,4,1.0,2.0,2.0,2.0,0.0,,,,,OPEN,1620.5,1620.5,8.19,122.7,,,True,14,81.9,9.88,1.67,2026-07-04 14:34 IST,Price above EMA200 (uptrend) | Bullish FVG present | Price retesting bullish Order Block | Liquidity grab below swing low | OBV uptrend confirmed | Nifty Pharma above EMA20
55,2026-06-20,GLENMARK,7.0,GOOD,2213.6,2158.26,2.5,2346.42,2434.96,2.4,4.0,Nifty Pharma,4,1.0,2.0,2.0,2.0,0.0,,,,,SL HIT,2157.1,2157.1,-2.55,-56.5,2026-06-25,SL Hit,False,5,-25.5,-0.05,12.88,2026-06-25 14:23 IST,Price above EMA200 (uptrend) | Bullish FVG present | Price retesting bullish Order Block | Liquidity grab below swing low | OBV uptrend confirmed | Nifty Pharma above EMA20
56,2026-06-20,PHOENIXLTD,7.0,GOOD,1881.1,1834.07,2.5,1993.97,2069.21,2.4,4.0,Nifty Realty,4,2.0,2.0,1.0,2.0,0.0,,,,,EXPIRED,2047.6,2047.6,8.85,166.5,2026-07-05,Max hold (15d),True,15,88.5,10.43,1.06,2026-07-05 10:04 IST,Price above EMA200 (uptrend) | BoS — higher high in last 20 days | Bullish FVG present | Price retesting bullish Order Block | OBV uptrend confirmed | Nifty Realty above EMA20
57,2026-06-20,MAHLIFE,7.0,GOOD,352.35,343.54,2.5,373.49,387.59,2.4,4.0,Nifty Realty,4,1.0,2.0,2.0,2.0,0.0,,,,,EXPIRED,369.95,369.95,5.0,17.6,2026-07-05,Max hold (15d),False,15,49.9,7.14,4.77,2026-07-05 10:04 IST,BoS — higher high in last 20 days | Bullish FVG present | Price retesting bullish Order Block | Volume breakout (1.8× avg) | OBV uptrend confirmed | Nifty Realty above EMA20
58,2026-06-24,ICICIBANK,7.0,GOOD,1369.1,1334.87,2.5,1451.25,1506.01,2.4,4.0,Nifty Bank,4,2.0,2.0,1.0,2.0,0.0,,,,,OPEN,1411.4,1411.4,3.09,42.3,,,False,11,30.9,5.42,6.7,2026-07-05 10:04 IST,Price above EMA200 (uptrend) | BoS — higher high in last 20 days | Bullish FVG present | Price retesting bullish Order Block | OBV uptrend confirmed | Nifty Bank above EMA20
59,2026-06-24,AXISBANK,7.0,GOOD,1370.8,1336.53,2.5,1453.05,1507.88,2.4,4.0,Nifty Bank,4,2.0,2.0,1.0,2.0,0.0,,,,,OPEN,1342.1,1342.1,-2.09,-28.7,,,False,11,-20.9,0.42,12.35,2026-07-05 10:04 IST,Price above EMA200 (uptrend) | BoS — higher high in last 20 days | Bullish FVG present | Price retesting bullish Order Block | OBV uptrend confirmed | Nifty Bank above EMA20
60,2026-06-24,CIPLA,7.0,GOOD,1437.0,1401.08,2.5,1523.22,1580.7,2.4,4.0,Nifty Pharma,4,2.0,2.0,1.0,2.0,0.0,,,,,OPEN,1458.2,1458.2,1.48,21.2,,,False,11,14.8,3.92,8.4,2026-07-05 10:04 IST,Price above EMA200 (uptrend) | BoS — higher high in last 20 days | Bullish FVG present | Price retesting bullish Order Block | OBV uptrend confirmed | Nifty Pharma above EMA20
61,2026-06-24,MOTHERSON,7.0,GOOD,143.5,139.91,2.5,152.11,157.85,2.4,4.0,Nifty Auto,4,2.0,2.0,1.0,2.0,0.0,,,,,OPEN,146.3,146.3,1.95,2.8,,,False,11,19.5,4.37,7.89,2026-07-05 10:04 IST,Price above EMA200 (uptrend) | BoS — higher high in last 20 days | Bullish FVG present | Price retesting bullish Order Block | OBV uptrend confirmed | Nifty Auto above EMA20
62,2026-06-24,CHOLAFIN,7.0,GOOD,1744.8,1701.18,2.5,1849.49,1919.28,2.4,4.0,Nifty Finance,4,2.0,2.0,1.0,2.0,0.0,,,,,OPEN,1789.8,1789.8,2.58,45.0,,,False,11,25.8,4.95,7.23,2026-07-05 10:04 IST,Price above EMA200 (uptrend) | BoS — higher high in last 20 days | Bullish FVG present | Price retesting bullish Order Block | OBV uptrend confirmed | Nifty Finance above EMA20
63,2026-06-24,ICICIBANK,7.0,GOOD,1369.0,1334.77,2.5,1451.14,1505.9,2.4,4.0,Nifty Bank,4,2.0,2.0,1.0,2.0,0.0,,,,,OPEN,1411.4,1411.4,3.1,42.4,,,False,11,31.0,5.43,6.7,2026-07-05 10:04 IST,Price above EMA200 (uptrend) | BoS — higher high in last 20 days | Bullish FVG present | Price retesting bullish Order Block | OBV uptrend confirmed | Nifty Bank above EMA20
64,2026-06-24,AXISBANK,7.0,GOOD,1371.0,1336.72,2.5,1453.26,1508.1,2.4,4.0,Nifty Bank,4,2.0,2.0,1.0,2.0,0.0,,,,,OPEN,1342.1,1342.1,-2.11,-28.9,,,False,11,-21.1,0.4,12.37,2026-07-05 10:04 IST,Price above EMA200 (uptrend) | BoS — higher high in last 20 days | Bullish FVG present | Price retesting bullish Order Block | OBV uptrend confirmed | Nifty Bank above EMA20
65,2026-06-24,CIPLA,7.0,GOOD,1437.0,1401.08,2.5,1523.22,1580.7,2.4,4.0,Nifty Pharma,4,2.0,2.0,1.0,2.0,0.0,,,,,OPEN,1458.2,1458.2,1.48,21.2,,,False,11,14.8,3.92,8.4,2026-07-05 10:04 IST,Price above EMA200 (uptrend) | BoS — higher high in last 20 days | Bullish FVG present | Price retesting bullish Order Block | OBV uptrend confirmed | Nifty Pharma above EMA20
66,2026-06-24,MOTHERSON,7.0,GOOD,143.53,139.94,2.5,152.14,157.88,2.4,4.0,Nifty Auto,4,2.0,2.0,1.0,2.0,0.0,,,,,OPEN,146.3,146.3,1.93,2.77,,,False,11,19.3,4.35,7.92,2026-07-05 10:04 IST,Price above EMA200 (uptrend) | BoS — higher high in last 20 days | Bullish FVG present | Price retesting bullish Order Block | OBV uptrend confirmed | Nifty Auto above EMA20
67,2026-06-24,CHOLAFIN,7.0,GOOD,1744.1,1700.5,2.5,1848.75,1918.51,2.4,4.0,Nifty Finance,4,2.0,2.0,1.0,2.0,0.0,,,,,OPEN,1789.8,1789.8,2.62,45.7,,,False,11,26.2,4.99,7.19,2026-07-05 10:04 IST,Price above EMA200 (uptrend) | BoS — higher high in last 20 days | Bullish FVG present | Price retesting bullish Order Block | OBV uptrend confirmed | Nifty Finance above EMA20
68,2026-06-25,EXIDEIND,8.0,GOOD,389.8,380.06,2.5,413.19,428.78,2.4,4.0,Nifty Auto,4,2.0,2.0,2.0,2.0,0.0,,,,,OPEN,416.6,416.6,6.88,26.8,,,True,10,68.8,8.77,2.92,2026-07-05 10:04 IST,Price above EMA200 (uptrend) | BoS — higher high in last 20 days | Bullish FVG present | Price retesting bullish Order Block | Liquidity grab below swing low | OBV uptrend confirmed
69,2026-06-25,GRINDWELL,8.0,GOOD,2228.0,2172.3,2.5,2361.68,2450.8,2.4,4.0,Nifty Infra,4,2.0,2.0,2.0,2.0,0.0,,,,,SL HIT,2168.5,2168.5,-2.67,-59.5,2026-06-29,SL Hit,False,4,-26.7,-0.18,13.02,2026-06-29 09:30 IST,Price above EMA200 (uptrend) | BoS — higher high in last 20 days | Bullish FVG present | Price retesting bullish Order Block | Volume breakout (1.8× avg) | OBV uptrend confirmed
70,2026-06-25,TATACONSUM,7.0,GOOD,1131.3,1103.02,2.5,1199.18,1244.43,2.4,4.0,Nifty FMCG,4,1.0,2.0,2.0,2.0,0.0,,,,,SL HIT,1068.5,1068.5,-5.55,-62.8,2026-06-30,SL Hit,False,5,-50,-3.23,16.47,2026-06-30 09:43 IST,Price above EMA200 (uptrend) | Bullish FVG present | Price retesting bullish Order Block | Liquidity grab below swing low | OBV uptrend confirmed | Nifty FMCG above EMA20
71,2026-06-26,KOTAKBANK,7.0,GOOD,409.0,398.77,2.5,433.54,449.9,2.4,4.0,Nifty Bank,4,2.0,2.0,1.0,2.0,0.0,,,,,SL HIT,396.75,396.75,-3.0,-12.25,2026-06-29,SL Hit,False,3,-30.0,-0.51,13.4,2026-06-29 09:33 IST,Price above EMA200 (uptrend) | BoS — higher high in last 20 days | Bullish FVG present | Price retesting bullish Order Block | OBV uptrend confirmed | Nifty Bank above EMA20
72,2026-06-26,KOTAKBANK,7.0,GOOD,409.0,398.77,2.5,433.54,449.9,2.4,4.0,Nifty Bank,4,2.0,2.0,1.0,2.0,0.0,,,,,SL HIT,396.75,396.75,-3.0,-12.25,2026-06-29,SL Hit,False,3,-30.0,-0.51,13.4,2026-06-29 09:33 IST,Price above EMA200 (uptrend) | BoS — higher high in last 20 days | Bullish FVG present | Price retesting bullish Order Block | OBV uptrend confirmed | Nifty Bank above EMA20
73,2026-06-28,PRESTIGE,7.0,GOOD,1556.3,1517.39,2.5,1649.68,1711.93,2.4,4.0,Nifty Realty,4,2.0,2.0,1.0,2.0,0.0,,,,,OPEN,1668.0,1668.0,7.18,111.7,,,True,7,71.8,9.03,2.63,2026-07-05 10:04 IST,Price above EMA200 (uptrend) | BoS — higher high in last 20 days | Bullish FVG present | Price retesting bullish Order Block | OBV uptrend confirmed | Nifty Realty above EMA20
74,2026-06-28,AUBANK,7.0,GOOD,1033.85,1008.0,2.5,1095.88,1137.23,2.4,4.0,Nifty Bank,4,2.0,2.0,1.0,2.0,0.0,,,,,OPEN,1058.4,1058.4,2.37,24.55,,,False,7,23.7,4.76,7.45,2026-07-05 10:04 IST,Price above EMA200 (uptrend) | BoS — higher high in last 20 days | Bullish FVG present | Price retesting bullish Order Block | OBV uptrend confirmed | Nifty Bank above EMA20
75,2026-06-29,BAJFINANCE,7.0,GOOD,982.05,957.5,2.5,1040.97,1080.26,2.4,4.0,Nifty Finance,4,2.0,1.0,2.0,2.0,0.0,,,,,OPEN,1031.4,1031.4,5.03,49.35,,,False,6,50.2,7.17,4.74,2026-07-05 10:04 IST,Price above EMA200 (uptrend) | BoS — higher high in last 20 days | Bullish FVG present | Volume breakout (1.8× avg) | OBV uptrend confirmed | Nifty Finance above EMA20
76,2026-06-29,DRREDDY,7.0,GOOD,1375.7,1341.31,2.5,1458.24,1513.27,2.4,4.0,Nifty Pharma,4,2.0,1.0,2.0,2.0,0.0,,,,,OPEN,1374.1,1374.1,-0.12,-1.6,,,False,6,-1.2,2.39,10.13,2026-07-05 10:04 IST,Price above EMA200 (uptrend) | BoS — higher high in last 20 days | Bullish FVG present | Volume breakout (1.8× avg) | OBV uptrend confirmed | Nifty Pharma above EMA20
77,2026-06-29,TORNTPHARM,7.0,GOOD,4657.6,4541.16,2.5,4937.06,5123.36,2.4,4.0,Nifty Pharma,4,2.0,1.0,2.0,2.0,0.0,,,,,OPEN,4768.3,4768.3,2.38,110.7,,,False,6,23.8,4.76,7.45,2026-07-05 10:04 IST,Price above EMA200 (uptrend) | BoS — higher high in last 20 days | Price retesting bullish Order Block | Volume breakout (1.8× avg) | OBV uptrend confirmed | Nifty Pharma above EMA20
78,2026-06-29,LICHSGFIN,7.0,GOOD,560.75,546.73,2.5,594.39,616.83,2.4,4.0,Nifty Finance,4,1.0,2.0,2.0,2.0,0.0,,,,,OPEN,553.7,553.7,-1.26,-7.05,,,False,6,-12.6,1.26,11.4,2026-07-05 10:04 IST,Price above EMA200 (uptrend) | Bullish FVG present | Price retesting bullish Order Block | Volume breakout (1.8× avg) | OBV uptrend confirmed | Nifty Finance above EMA20
79,2026-06-29,PAYTM,7.0,GOOD,1133.1,1104.77,2.5,1201.09,1246.41,2.4,4.0,Nifty 50,4,1.0,2.0,2.0,2.0,0.0,,,,,OPEN,1221.4,1221.4,7.79,88.3,,,True,6,77.9,9.55,2.05,2026-07-05 10:04 IST,Price above EMA200 (uptrend) | Bullish FVG present | Price retesting bullish Order Block | Volume breakout (1.8× avg) | OBV uptrend confirmed | Nifty 50 above EMA20
80,2026-06-29,BAJFINANCE,7.0,GOOD,982.05,957.5,2.5,1040.97,1080.26,2.4,4.0,Nifty Finance,4,2.0,1.0,2.0,2.0,0.0,,,,,OPEN,1031.4,1031.4,5.03,49.35,,,False,6,50.2,7.17,4.74,2026-07-05 10:04 IST,Price above EMA200 (uptrend) | BoS — higher high in last 20 days | Bullish FVG present | Volume breakout (1.8× avg) | OBV uptrend confirmed | Nifty Finance above EMA20
81,2026-06-29,DRREDDY,7.0,GOOD,1375.7,1341.31,2.5,1458.24,1513.27,2.4,4.0,Nifty Pharma,4,2.0,1.0,2.0,2.0,0.0,,,,,OPEN,1374.1,1374.1,-0.12,-1.6,,,False,6,-1.2,2.39,10.13,2026-07-05 10:04 IST,Price above EMA200 (uptrend) | BoS — higher high in last 20 days | Bullish FVG present | Volume breakout (1.8× avg) | OBV uptrend confirmed | Nifty Pharma above EMA20
82,2026-06-29,TORNTPHARM,7.0,GOOD,4657.6,4541.16,2.5,4937.06,5123.36,2.4,4.0,Nifty Pharma,4,2.0,1.0,2.0,2.0,0.0,,,,,OPEN,4768.3,4768.3,2.38,110.7,,,False,6,23.8,4.76,7.45,2026-07-05 10:04 IST,Price above EMA200 (uptrend) | BoS — higher high in last 20 days | Price retesting bullish Order Block | Volume breakout (1.8× avg) | OBV uptrend confirmed | Nifty Pharma above EMA20
83,2026-06-29,LICHSGFIN,7.0,GOOD,560.75,546.73,2.5,594.39,616.83,2.4,4.0,Nifty Finance,4,1.0,2.0,2.0,2.0,0.0,,,,,OPEN,553.7,553.7,-1.26,-7.05,,,False,6,-12.6,1.26,11.4,2026-07-05 10:04 IST,Price above EMA200 (uptrend) | Bullish FVG present | Price retesting bullish Order Block | Volume breakout (1.8× avg) | OBV uptrend confirmed | Nifty Finance above EMA20
84,2026-06-29,PAYTM,7.0,GOOD,1133.1,1104.77,2.5,1201.09,1246.41,2.4,4.0,Nifty 50,4,1.0,2.0,2.0,2.0,0.0,,,,,OPEN,1221.4,1221.4,7.79,88.3,,,True,6,77.9,9.55,2.05,2026-07-05 10:04 IST,Price above EMA200 (uptrend) | Bullish FVG present | Price retesting bullish Order Block | Volume breakout (1.8× avg) | OBV uptrend confirmed | Nifty 50 above EMA20
85,2026-06-30,FEDERALBNK,7.0,GOOD,330.05,321.8,2.5,349.85,363.06,2.4,4.0,Nifty Bank,4,2.0,2.0,1.0,2.0,0.0,,,,,OPEN,327.4,327.4,-0.8,-2.65,,,False,5,-8.0,1.71,10.89,2026-07-05 10:04 IST,Price above EMA200 (uptrend) | BoS — higher high in last 20 days | Bullish FVG present | Price retesting bullish Order Block | OBV uptrend confirmed | Nifty Bank above EMA20
86,2026-06-30,IPCALAB,7.0,GOOD,1701.0,1658.47,2.5,1803.06,1871.1,2.4,4.0,Nifty Pharma,4,2.0,1.0,2.0,2.0,0.0,,,,,OPEN,1778.9,1778.9,4.58,77.9,,,False,5,45.8,6.77,5.18,2026-07-05 10:04 IST,Price above EMA200 (uptrend) | BoS — higher high in last 20 days | Bullish FVG present | Volume breakout (1.8× avg) | OBV uptrend confirmed | Nifty Pharma above EMA20
87,2026-06-30,GRINDWELL,7.0,GOOD,2166.1,2111.95,2.5,2296.07,2382.71,2.4,4.0,Nifty Infra,4,2.0,2.0,1.0,2.0,0.0,,,,,SL HIT,2088.5,2088.5,-3.58,-77.6,2026-07-03,SL Hit,False,3,-35.8,-1.12,14.09,2026-07-03 15:38 IST,Price above EMA200 (uptrend) | BoS — higher high in last 20 days | Bullish FVG present | Price retesting bullish Order Block | OBV uptrend confirmed | Nifty Infra above EMA20
88,2026-07-02,BANDHANBNK,8.0,GOOD,205.53,200.39,2.5,217.86,226.08,2.4,4.0,Nifty Bank,4,2.0,2.0,2.0,2.0,0.0,,,,,OPEN,200.6,200.6,-2.4,-4.93,,,False,3,-24.0,0.1,12.7,2026-07-05 10:04 IST,Price above EMA200 (uptrend) | BoS — higher high in last 20 days | Bullish FVG present | Price retesting bullish Order Block | Liquidity grab below swing low | OBV uptrend confirmed
89,2026-07-02,ADANIPORTS,7.0,GOOD,1860.5,1813.99,2.5,1972.13,2046.55,2.4,4.0,Nifty Energy,4,2.0,2.0,2.0,1.0,0.0,,,,,OPEN,1874.2,1874.2,0.74,13.7,,,False,3,7.4,3.21,9.2,2026-07-05 10:04 IST,Price above EMA200 (uptrend) | BoS — higher high in last 20 days | Bullish FVG present | Price retesting bullish Order Block | Liquidity grab below swing low | OBV uptrend confirmed
90,2026-07-02,MARICO,7.0,GOOD,851.3,830.02,2.5,902.38,936.43,2.4,4.0,Nifty FMCG,4,2.0,2.0,1.0,2.0,0.0,,,,,OPEN,838.55,838.55,-1.5,-12.75,,,False,3,-15.0,1.02,11.67,2026-07-05 10:04 IST,Price above EMA200 (uptrend) | BoS — higher high in last 20 days | Bullish FVG present | Price retesting bullish Order Block | OBV uptrend confirmed | Nifty FMCG above EMA20
91,2026-07-02,GAIL,7.0,GOOD,173.39,169.67,2.15,183.79,190.73,2.8,4.66,Nifty Energy,4,2.0,2.0,2.0,1.0,0.0,,,,,OPEN,174.15,174.15,0.44,0.76,,,False,3,4.4,2.57,9.52,2026-07-05 10:04 IST,Price above EMA200 (uptrend) | BoS — higher high in last 20 days | Bullish FVG present | Price retesting bullish Order Block | Liquidity grab below swing low | OBV uptrend confirmed
92,2026-07-02,ANGELONE,7.0,GOOD,342.25,333.69,2.5,362.79,376.48,2.4,4.0,Nifty Finance,4,2.0,2.0,1.0,2.0,0.0,,,,,OPEN,352.25,352.25,2.92,10.0,,,False,3,29.2,5.27,6.88,2026-07-05 10:04 IST,Price above EMA200 (uptrend) | BoS — higher high in last 20 days | Bullish FVG present | Price retesting bullish Order Block | OBV uptrend confirmed | Nifty Finance above EMA20
93,2026-07-05,INDUSINDBK,8.0,GOOD,974.35,949.99,2.5,1032.81,1071.79,2.4,4.0,Nifty Bank,4,2.0,2.0,2.0,2.0,0.0,,,,,OPEN,974.35,,0.0,0.0,,,False,0,0.0,,,2026-07-05 10:09 IST,Price above EMA200 (uptrend) | BoS — higher high in last 20 days | Bullish FVG present | Price retesting bullish Order Block | Volume breakout (1.8× avg) | OBV uptrend confirmed
94,2026-07-05,SOBHA,8.0,GOOD,1442.9,1406.83,2.5,1529.47,1587.19,2.4,4.0,Nifty Realty,4,2.0,2.0,2.0,2.0,0.0,,,,,OPEN,1442.9,,0.0,0.0,,,False,0,0.0,,,2026-07-05 10:09 IST,Price above EMA200 (uptrend) | BoS — higher high in last 20 days | Bullish FVG present | Price retesting bullish Order Block | Liquidity grab below swing low | OBV uptrend confirmed
95,2026-07-05,ABCAPITAL,7.0,GOOD,401.25,391.22,2.5,425.33,441.38,2.4,4.0,Nifty Finance,4,2.0,2.0,1.0,2.0,0.0,,,,,OPEN,401.25,,0.0,0.0,,,False,0,0.0,,,2026-07-05 10:09 IST,Price above EMA200 (uptrend) | BoS — higher high in last 20 days | Bullish FVG present | Price retesting bullish Order Block | OBV uptrend confirmed | Nifty Finance above EMA20
96,2026-07-05,POONAWALLA,7.0,GOOD,460.95,449.43,2.5,488.61,507.05,2.4,4.0,Nifty Finance,4,2.0,2.0,1.0,2.0,0.0,,,,,OPEN,460.95,,0.0,0.0,,,False,0,0.0,,,2026-07-05 10:09 IST,Price above EMA200 (uptrend) | BoS — higher high in last 20 days | Bullish FVG present | Price retesting bullish Order Block | OBV uptrend confirmed | Nifty Finance above EMA20
97,2026-07-05,INDUSINDBK,8.0,GOOD,974.35,949.99,2.5,1032.81,1071.79,2.4,4.0,Nifty Bank,4,2.0,2.0,2.0,2.0,0.0,,,,,OPEN,974.35,,0.0,0.0,,,False,0,0.0,,,2026-07-05 10:09 IST,Price above EMA200 (uptrend) | BoS — higher high in last 20 days | Bullish FVG present | Price retesting bullish Order Block | Volume breakout (1.8× avg) | OBV uptrend confirmed
98,2026-07-05,SOBHA,8.0,GOOD,1442.9,1406.83,2.5,1529.47,1587.19,2.4,4.0,Nifty Realty,4,2.0,2.0,2.0,2.0,0.0,,,,,OPEN,1442.9,,0.0,0.0,,,False,0,0.0,,,2026-07-05 10:09 IST,Price above EMA200 (uptrend) | BoS — higher high in last 20 days | Bullish FVG present | Price retesting bullish Order Block | Liquidity grab below swing low | OBV uptrend confirmed
99,2026-07-05,ABCAPITAL,7.0,GOOD,401.25,391.22,2.5,425.33,441.38,2.4,4.0,Nifty Finance,4,2.0,2.0,1.0,2.0,0.0,,,,,OPEN,401.25,,0.0,0.0,,,False,0,0.0,,,2026-07-05 10:09 IST,Price above EMA200 (uptrend) | BoS — higher high in last 20 days | Bullish FVG present | Price retesting bullish Order Block | OBV uptrend confirmed | Nifty Finance above EMA20
100,2026-07-05,POONAWALLA,7.0,GOOD,460.95,449.43,2.5,488.61,507.05,2.4,4.0,Nifty Finance,4,2.0,2.0,1.0,2.0,0.0,,,,,OPEN,460.95,,0.0,0.0,,,False,0,0.0,,,2026-07-05 10:09 IST,Price above EMA200 (uptrend) | BoS — higher high in last 20 days | Bullish FVG present | Price retesting bullish Order Block | OBV uptrend confirmed | Nifty Finance above EMA20
101,2026-07-05,INDUSINDBK,8.0,GOOD,974.35,949.99,2.5,1032.81,1071.79,2.4,4.0,Nifty Bank,4,2.0,2.0,2.0,2.0,0.0,,,,,OPEN,974.35,,0.0,0.0,,,False,0,0.0,,,2026-07-05 10:09 IST,Price above EMA200 (uptrend) | BoS — higher high in last 20 days | Bullish FVG present | Price retesting bullish Order Block | Volume breakout (1.8× avg) | OBV uptrend confirmed
102,2026-07-05,SOBHA,8.0,GOOD,1442.9,1406.83,2.5,1529.47,1587.19,2.4,4.0,Nifty Realty,4,2.0,2.0,2.0,2.0,0.0,,,,,OPEN,1442.9,,0.0,0.0,,,False,0,0.0,,,2026-07-05 10:09 IST,Price above EMA200 (uptrend) | BoS — higher high in last 20 days | Bullish FVG present | Price retesting bullish Order Block | Liquidity grab below swing low | OBV uptrend confirmed
103,2026-07-05,ABCAPITAL,7.0,GOOD,401.25,391.22,2.5,425.33,441.38,2.4,4.0,Nifty Finance,4,2.0,2.0,1.0,2.0,0.0,,,,,OPEN,401.25,,0.0,0.0,,,False,0,0.0,,,2026-07-05 10:09 IST,Price above EMA200 (uptrend) | BoS — higher high in last 20 days | Bullish FVG present | Price retesting bullish Order Block | OBV uptrend confirmed | Nifty Finance above EMA20
104,2026-07-05,POONAWALLA,7.0,GOOD,460.95,449.43,2.5,488.61,507.05,2.4,4.0,Nifty Finance,4,2.0,2.0,1.0,2.0,0.0,,,,,OPEN,460.95,,0.0,0.0,,,False,0,0.0,,,2026-07-05 10:09 IST,Price above EMA200 (uptrend) | BoS — higher high in last 20 days | Bullish FVG present | Price retesting bullish Order Block | OBV uptrend confirmed | Nifty Finance above EMA20
